lnno;output;ftype;label;seconds
496;12;u01;preprocess_u0X_file;0.006478916
2161;12;u01;process_u01_file_return;0.008255688
543;12;u01;process_u01_file;0.008311422
649;12;u01;postprocess_u0X_file;0.005566755
650;12;u01;RH_process_u01_file_msg;0.023535168
496;12;u01;preprocess_u0X_file;0.007442861
2161;12;u01;process_u01_file_return;0.007962739
543;12;u01;process_u01_file;0.008021860
649;12;u01;postprocess_u0X_file;0.005592454
650;12;u01;RH_process_u01_file_msg;0.025136558
496;12;u01;preprocess_u0X_file;0.006902859
2161;12;u01;process_u01_file_return;0.007749794
543;12;u01;process_u01_file;0.007797204
649;12;u01;postprocess_u0X_file;0.007341103
650;12;u01;RH_process_u01_file_msg;0.026481321
496;12;u01;preprocess_u0X_file;0.006870650
2161;12;u01;process_u01_file_return;0.006919817
543;12;u01;process_u01_file;0.006975812
649;12;u01;postprocess_u0X_file;0.005973679
650;12;u01;RH_process_u01_file_msg;0.022432059
496;12;u01;preprocess_u0X_file;0.006639184
2161;12;u01;process_u01_file_return;0.007129379
543;12;u01;process_u01_file;0.007184410
649;12;u01;postprocess_u0X_file;0.005581768
650;12;u01;RH_process_u01_file_msg;0.022324803
496;12;u01;preprocess_u0X_file;0.007044447
2161;12;u01;process_u01_file_return;0.007571898
543;12;u01;process_u01_file;0.007621168
649;12;u01;postprocess_u0X_file;0.005807533
650;12;u01;RH_process_u01_file_msg;0.023385116
496;12;u01;preprocess_u0X_file;0.006984820
2161;12;u01;process_u01_file_return;0.007821948
543;12;u01;process_u01_file;0.007885998
649;12;u01;postprocess_u0X_file;0.006185994
650;12;u01;RH_process_u01_file_msg;0.024056077
496;12;u01;preprocess_u0X_file;0.006507293
2161;12;u01;process_u01_file_return;0.007638398
543;12;u01;process_u01_file;0.007686449
649;12;u01;postprocess_u0X_file;0.005837716
650;12;u01;RH_process_u01_file_msg;0.022784024
496;12;u01;preprocess_u0X_file;0.007471911
2161;12;u01;process_u01_file_return;0.006854488
543;12;u01;process_u01_file;0.006898324
649;12;u01;postprocess_u0X_file;0.006026862
650;12;u01;RH_process_u01_file_msg;0.024624197
496;12;u01;preprocess_u0X_file;0.007160246
2161;12;u01;process_u01_file_return;0.006813654
543;12;u01;process_u01_file;0.006858313
649;12;u01;postprocess_u0X_file;0.005702748
650;12;u01;RH_process_u01_file_msg;0.022629767
496;12;u01;preprocess_u0X_file;0.006199148
2161;12;u01;process_u01_file_return;0.007526516
543;12;u01;process_u01_file;0.007575844
649;12;u01;postprocess_u0X_file;0.007765698
650;12;u01;RH_process_u01_file_msg;0.025527652
496;12;u01;preprocess_u0X_file;0.006796352
2161;12;u01;process_u01_file_return;0.007050971
543;12;u01;process_u01_file;0.007091615
649;12;u01;postprocess_u0X_file;0.006104672
650;12;u01;RH_process_u01_file_msg;0.022435325
496;12;u01;preprocess_u0X_file;0.006577125
2161;12;u01;process_u01_file_return;0.006884937
543;12;u01;process_u01_file;0.006935337
649;12;u01;postprocess_u0X_file;0.005449340
650;12;u01;RH_process_u01_file_msg;0.021855267
496;12;u01;preprocess_u0X_file;0.006559916
2161;12;u01;process_u01_file_return;0.006506084
543;12;u01;process_u01_file;0.006546651
649;12;u01;postprocess_u0X_file;0.005925356
650;12;u01;RH_process_u01_file_msg;0.021419742
496;12;u01;preprocess_u0X_file;0.006561710
2161;12;u01;process_u01_file_return;0.006674225
543;12;u01;process_u01_file;0.006733755
649;12;u01;postprocess_u0X_file;0.015951163
650;12;u01;RH_process_u01_file_msg;0.033128491
496;12;u01;preprocess_u0X_file;0.006579342
2161;12;u01;process_u01_file_return;0.007556611
543;12;u01;process_u01_file;0.007600938
649;12;u01;postprocess_u0X_file;0.005807650
650;12;u01;RH_process_u01_file_msg;0.023851517
496;12;u01;preprocess_u0X_file;0.007689284
2161;12;u01;process_u01_file_return;0.006813467
543;12;u01;process_u01_file;0.006856393
649;12;u01;postprocess_u0X_file;0.005884174
650;12;u01;RH_process_u01_file_msg;0.024478276
496;12;u01;preprocess_u0X_file;0.006241999
2161;12;u01;process_u01_file_return;0.006711084
543;12;u01;process_u01_file;0.006755893
649;12;u01;postprocess_u0X_file;0.005610971
650;12;u01;RH_process_u01_file_msg;0.022515908
496;12;u01;preprocess_u0X_file;0.007895409
2161;12;u01;process_u01_file_return;0.006999139
543;12;u01;process_u01_file;0.007046021
649;12;u01;postprocess_u0X_file;0.006289526
650;12;u01;RH_process_u01_file_msg;0.025328381
496;12;u01;preprocess_u0X_file;0.006155365
2161;12;u01;process_u01_file_return;0.008229814
543;12;u01;process_u01_file;0.008294265
649;12;u01;postprocess_u0X_file;0.006118105
650;12;u01;RH_process_u01_file_msg;0.024479313
496;12;u01;preprocess_u0X_file;0.006667202
2161;12;u01;process_u01_file_return;0.006830218
543;12;u01;process_u01_file;0.006874385
649;12;u01;postprocess_u0X_file;0.005906506
650;12;u01;RH_process_u01_file_msg;0.023363036
496;12;u01;preprocess_u0X_file;0.007068660
2161;12;u01;process_u01_file_return;0.006976313
543;12;u01;process_u01_file;0.007021991
649;12;u01;postprocess_u0X_file;0.005995339
650;12;u01;RH_process_u01_file_msg;0.024174853
496;12;u01;preprocess_u0X_file;0.006894727
2161;12;u01;process_u01_file_return;0.006772581
543;12;u01;process_u01_file;0.006814420
649;12;u01;postprocess_u0X_file;0.006057809
650;12;u01;RH_process_u01_file_msg;0.022676185
496;12;u01;preprocess_u0X_file;0.006774148
2161;12;u01;process_u01_file_return;0.006832167
543;12;u01;process_u01_file;0.006888053
649;12;u01;postprocess_u0X_file;0.005890303
650;12;u01;RH_process_u01_file_msg;0.022315041
496;12;u01;preprocess_u0X_file;0.006829930
2161;12;u01;process_u01_file_return;0.007404364
543;12;u01;process_u01_file;0.007469934
649;12;u01;postprocess_u0X_file;0.006834010
650;12;u01;RH_process_u01_file_msg;0.023558192
496;12;u01;preprocess_u0X_file;0.007122829
2161;12;u01;process_u01_file_return;0.007147592
543;12;u01;process_u01_file;0.007212006
649;12;u01;postprocess_u0X_file;0.005681369
650;12;u01;RH_process_u01_file_msg;0.024219270
496;12;u01;preprocess_u0X_file;0.006268627
2161;12;u01;process_u01_file_return;0.007129663
543;12;u01;process_u01_file;0.007178771
649;12;u01;postprocess_u0X_file;0.005644542
650;12;u01;RH_process_u01_file_msg;0.023066643
496;12;u01;preprocess_u0X_file;0.006417025
2161;12;u01;process_u01_file_return;0.008127887
543;12;u01;process_u01_file;0.008201228
649;12;u01;postprocess_u0X_file;0.005450432
650;12;u01;RH_process_u01_file_msg;0.022830232
496;12;u01;preprocess_u0X_file;0.006195118
2161;12;u01;process_u01_file_return;0.007750985
543;12;u01;process_u01_file;0.007800144
649;12;u01;postprocess_u0X_file;0.005467804
650;12;u01;RH_process_u01_file_msg;0.023300370
496;12;u01;preprocess_u0X_file;0.006277532
2161;12;u01;process_u01_file_return;0.007396115
543;12;u01;process_u01_file;0.007457637
649;12;u01;postprocess_u0X_file;0.009437246
650;12;u01;RH_process_u01_file_msg;0.026326837
496;12;u01;preprocess_u0X_file;0.010777052
2161;12;u01;process_u01_file_return;0.007781320
543;12;u01;process_u01_file;0.007826788
649;12;u01;postprocess_u0X_file;0.008589293
650;12;u01;RH_process_u01_file_msg;0.031317176
496;12;u01;preprocess_u0X_file;0.006680168
2161;12;u01;process_u01_file_return;0.013843957
543;12;u01;process_u01_file;0.013908428
649;12;u01;postprocess_u0X_file;0.005524971
650;12;u01;RH_process_u01_file_msg;0.029882517
496;12;u01;preprocess_u0X_file;0.006492432
2161;12;u01;process_u01_file_return;0.011787325
543;12;u01;process_u01_file;0.011859951
649;12;u01;postprocess_u0X_file;0.005748827
650;12;u01;RH_process_u01_file_msg;0.027989561
496;12;u01;preprocess_u0X_file;0.006176814
2161;12;u01;process_u01_file_return;0.010801261
543;12;u01;process_u01_file;0.010866438
649;12;u01;postprocess_u0X_file;0.005922353
650;12;u01;RH_process_u01_file_msg;0.025818736
496;12;u01;preprocess_u0X_file;0.006700624
2161;12;u01;process_u01_file_return;0.009602740
543;12;u01;process_u01_file;0.009658822
649;12;u01;postprocess_u0X_file;0.005590177
650;12;u01;RH_process_u01_file_msg;0.024791733
496;12;u01;preprocess_u0X_file;0.006342912
2161;12;u01;process_u01_file_return;0.009931679
543;12;u01;process_u01_file;0.009981816
649;12;u01;postprocess_u0X_file;0.005586121
650;12;u01;RH_process_u01_file_msg;0.024469111
496;12;u01;preprocess_u0X_file;0.006610500
2161;12;u01;process_u01_file_return;0.007775016
543;12;u01;process_u01_file;0.007824261
649;12;u01;postprocess_u0X_file;0.005764396
650;12;u01;RH_process_u01_file_msg;0.022860134
496;12;u01;preprocess_u0X_file;0.006549010
2161;12;u01;process_u01_file_return;0.007303447
543;12;u01;process_u01_file;0.007350577
649;12;u01;postprocess_u0X_file;0.005548772
650;12;u01;RH_process_u01_file_msg;0.022105153
496;12;u01;preprocess_u0X_file;0.006215226
2161;12;u01;process_u01_file_return;0.006904735
543;12;u01;process_u01_file;0.006950256
649;12;u01;postprocess_u0X_file;0.005548372
650;12;u01;RH_process_u01_file_msg;0.022614854
496;12;u01;preprocess_u0X_file;0.006499068
2161;12;u01;process_u01_file_return;0.007004188
543;12;u01;process_u01_file;0.007048523
649;12;u01;postprocess_u0X_file;0.005419480
650;12;u01;RH_process_u01_file_msg;0.021859521
496;12;u01;preprocess_u0X_file;0.006198595
2161;12;u01;process_u01_file_return;0.006586220
543;12;u01;process_u01_file;0.006664042
649;12;u01;postprocess_u0X_file;0.005718071
650;12;u01;RH_process_u01_file_msg;0.021098178
496;12;u01;preprocess_u0X_file;0.006236676
2161;12;u01;process_u01_file_return;0.006690689
543;12;u01;process_u01_file;0.006731169
649;12;u01;postprocess_u0X_file;0.005586732
650;12;u01;RH_process_u01_file_msg;0.022370961
496;12;u01;preprocess_u0X_file;0.007608402
2161;12;u01;process_u01_file_return;0.006548186
543;12;u01;process_u01_file;0.006588696
649;12;u01;postprocess_u0X_file;0.006184756
650;12;u01;RH_process_u01_file_msg;0.024418536
496;12;u01;preprocess_u0X_file;0.007695134
2161;12;u01;process_u01_file_return;0.006769492
543;12;u01;process_u01_file;0.006811537
649;12;u01;postprocess_u0X_file;0.005890547
650;12;u01;RH_process_u01_file_msg;0.023209587
496;12;u01;preprocess_u0X_file;0.005967924
2161;12;u01;process_u01_file_return;0.006828592
543;12;u01;process_u01_file;0.006885662
649;12;u01;postprocess_u0X_file;0.005730402
650;12;u01;RH_process_u01_file_msg;0.022522724
496;12;u01;preprocess_u0X_file;0.006814322
2161;12;u01;process_u01_file_return;0.006655024
543;12;u01;process_u01_file;0.006713507
649;12;u01;postprocess_u0X_file;0.005820332
650;12;u01;RH_process_u01_file_msg;0.023363113
496;12;u01;preprocess_u0X_file;0.006723231
2161;12;u01;process_u01_file_return;0.010217708
543;12;u01;process_u01_file;0.010401001
649;12;u01;postprocess_u0X_file;0.005917855
650;12;u01;RH_process_u01_file_msg;0.026932914
496;12;u01;preprocess_u0X_file;0.006392363
2161;12;u01;process_u01_file_return;0.007575467
543;12;u01;process_u01_file;0.007628639
649;12;u01;postprocess_u0X_file;0.005922634
650;12;u01;RH_process_u01_file_msg;0.024035582
496;12;u01;preprocess_u0X_file;0.006089272
2161;12;u01;process_u01_file_return;0.008984130
543;12;u01;process_u01_file;0.009036250
649;12;u01;postprocess_u0X_file;0.005549650
650;12;u01;RH_process_u01_file_msg;0.023056941
496;12;u01;preprocess_u0X_file;0.005950968
2161;12;u01;process_u01_file_return;0.007084445
543;12;u01;process_u01_file;0.007133502
649;12;u01;postprocess_u0X_file;0.005497302
650;12;u01;RH_process_u01_file_msg;0.022368230
496;12;u01;preprocess_u0X_file;0.006275145
2161;12;u01;process_u01_file_return;0.006684590
543;12;u01;process_u01_file;0.006727380
649;12;u01;postprocess_u0X_file;0.005537269
650;12;u01;RH_process_u01_file_msg;0.022323149
496;12;u01;preprocess_u0X_file;0.006293872
2161;12;u01;process_u01_file_return;0.007049903
543;12;u01;process_u01_file;0.007094306
649;12;u01;postprocess_u0X_file;0.005525972
650;12;u01;RH_process_u01_file_msg;0.021443830
496;12;u01;preprocess_u0X_file;0.006196563
2161;12;u01;process_u01_file_return;0.007003076
543;12;u01;process_u01_file;0.007047387
649;12;u01;postprocess_u0X_file;0.005332139
650;12;u01;RH_process_u01_file_msg;0.021339410
496;12;u01;preprocess_u0X_file;0.006291240
2161;12;u01;process_u01_file_return;0.007453641
543;12;u01;process_u01_file;0.007503603
649;12;u01;postprocess_u0X_file;0.005416894
650;12;u01;RH_process_u01_file_msg;0.023016854
496;12;u01;preprocess_u0X_file;0.005945722
2161;12;u01;process_u01_file_return;0.007118314
543;12;u01;process_u01_file;0.007179368
649;12;u01;postprocess_u0X_file;0.005559775
650;12;u01;RH_process_u01_file_msg;0.022407278
496;12;u01;preprocess_u0X_file;0.006199843
2161;12;u01;process_u01_file_return;0.009094398
543;12;u01;process_u01_file;0.009143553
649;12;u01;postprocess_u0X_file;0.005552673
650;12;u01;RH_process_u01_file_msg;0.023339608
496;12;u01;preprocess_u0X_file;0.006092600
2161;12;u01;process_u01_file_return;0.006596464
543;12;u01;process_u01_file;0.006635976
649;12;u01;postprocess_u0X_file;0.005388901
650;12;u01;RH_process_u01_file_msg;0.020567437
496;12;u01;preprocess_u0X_file;0.006293089
2161;12;u01;process_u01_file_return;0.006986748
543;12;u01;process_u01_file;0.007036134
649;12;u01;postprocess_u0X_file;0.005353787
650;12;u01;RH_process_u01_file_msg;0.021533870
496;12;u01;preprocess_u0X_file;0.006178872
2161;12;u01;process_u01_file_return;0.006792824
543;12;u01;process_u01_file;0.006834519
649;12;u01;postprocess_u0X_file;0.005362339
650;12;u01;RH_process_u01_file_msg;0.022077641
496;12;u01;preprocess_u0X_file;0.006298766
2161;12;u01;process_u01_file_return;0.007545059
543;12;u01;process_u01_file;0.007590697
649;12;u01;postprocess_u0X_file;0.005431767
650;12;u01;RH_process_u01_file_msg;0.023088520
496;12;u01;preprocess_u0X_file;0.007489970
2161;12;u01;process_u01_file_return;0.008569043
543;12;u01;process_u01_file;0.008630731
649;12;u01;postprocess_u0X_file;0.008204239
650;12;u01;RH_process_u01_file_msg;0.029455632
496;12;u01;preprocess_u0X_file;0.008114542
2161;12;u01;process_u01_file_return;0.007921808
543;12;u01;process_u01_file;0.007971822
649;12;u01;postprocess_u0X_file;0.005847048
650;12;u01;RH_process_u01_file_msg;0.024528613
496;12;u01;preprocess_u0X_file;0.006648749
2161;12;u01;process_u01_file_return;0.008116855
543;12;u01;process_u01_file;0.008172721
649;12;u01;postprocess_u0X_file;0.005688062
650;12;u01;RH_process_u01_file_msg;0.024351999
496;12;u01;preprocess_u0X_file;0.020898503
2161;12;u01;process_u01_file_return;0.009043662
543;12;u01;process_u01_file;0.009099750
649;12;u01;postprocess_u0X_file;0.013220457
650;12;u01;RH_process_u01_file_msg;0.048131461
496;12;u01;preprocess_u0X_file;0.011358704
2161;12;u01;process_u01_file_return;0.007516805
543;12;u01;process_u01_file;0.007564813
649;12;u01;postprocess_u0X_file;0.007584850
650;12;u01;RH_process_u01_file_msg;0.032403129
496;12;u01;preprocess_u0X_file;0.007575396
2161;12;u01;process_u01_file_return;0.007119004
543;12;u01;process_u01_file;0.007165557
649;12;u01;postprocess_u0X_file;0.005652192
650;12;u01;RH_process_u01_file_msg;0.024275634
496;12;u01;preprocess_u0X_file;0.006395053
2161;12;u01;process_u01_file_return;0.006774824
543;12;u01;process_u01_file;0.006816104
649;12;u01;postprocess_u0X_file;0.005438217
650;12;u01;RH_process_u01_file_msg;0.022540037
496;12;u01;preprocess_u0X_file;0.006486632
2161;12;u01;process_u01_file_return;0.006867246
543;12;u01;process_u01_file;0.006909586
649;12;u01;postprocess_u0X_file;0.005534241
650;12;u01;RH_process_u01_file_msg;0.021296998
496;12;u01;preprocess_u0X_file;0.006153130
2161;12;u01;process_u01_file_return;0.006851056
543;12;u01;process_u01_file;0.006895806
649;12;u01;postprocess_u0X_file;0.005519267
650;12;u01;RH_process_u01_file_msg;0.022323480
496;12;u01;preprocess_u0X_file;0.006424820
2161;12;u01;process_u01_file_return;0.008307584
543;12;u01;process_u01_file;0.008360688
649;12;u01;postprocess_u0X_file;0.005554194
650;12;u01;RH_process_u01_file_msg;0.022658485
496;12;u01;preprocess_u0X_file;0.005882303
2161;12;u01;process_u01_file_return;0.009001243
543;12;u01;process_u01_file;0.009048600
649;12;u01;postprocess_u0X_file;0.005866196
650;12;u01;RH_process_u01_file_msg;0.023033922
496;12;u01;preprocess_u0X_file;0.006516336
2161;12;u01;process_u01_file_return;0.009511473
543;12;u01;process_u01_file;0.009578599
649;12;u01;postprocess_u0X_file;0.007153198
650;12;u01;RH_process_u01_file_msg;0.026068155
496;12;u01;preprocess_u0X_file;0.007478329
2161;12;u01;process_u01_file_return;0.010097827
543;12;u01;process_u01_file;0.010169492
649;12;u01;postprocess_u0X_file;0.006612592
650;12;u01;RH_process_u01_file_msg;0.027283739
496;12;u01;preprocess_u0X_file;0.016463199
2161;12;u01;process_u01_file_return;0.008978898
543;12;u01;process_u01_file;0.009041897
649;12;u01;postprocess_u0X_file;0.008668327
650;12;u01;RH_process_u01_file_msg;0.037024235
496;12;u01;preprocess_u0X_file;0.006240030
2161;12;u01;process_u01_file_return;0.007712142
543;12;u01;process_u01_file;0.007774264
649;12;u01;postprocess_u0X_file;0.006310209
650;12;u01;RH_process_u01_file_msg;0.024989151
496;12;u01;preprocess_u0X_file;0.008201813
2161;12;u01;process_u01_file_return;0.007356482
543;12;u01;process_u01_file;0.007419847
649;12;u01;postprocess_u0X_file;0.005267801
650;12;u01;RH_process_u01_file_msg;0.026975020
496;12;u01;preprocess_u0X_file;0.005800084
2161;12;u01;process_u01_file_return;0.007500329
543;12;u01;process_u01_file;0.007546374
649;12;u01;postprocess_u0X_file;0.005445443
650;12;u01;RH_process_u01_file_msg;0.022518905
496;12;u01;preprocess_u0X_file;0.006162735
2161;12;u01;process_u01_file_return;0.007108529
543;12;u01;process_u01_file;0.007159637
649;12;u01;postprocess_u0X_file;0.005694672
650;12;u01;RH_process_u01_file_msg;0.022813340
496;12;u01;preprocess_u0X_file;0.005970485
2161;12;u01;process_u01_file_return;0.007063233
543;12;u01;process_u01_file;0.007106131
649;12;u01;postprocess_u0X_file;0.005245116
650;12;u01;RH_process_u01_file_msg;0.020639544
496;12;u01;preprocess_u0X_file;0.006183510
2161;12;u01;process_u01_file_return;0.006647421
543;12;u01;process_u01_file;0.006687223
649;12;u01;postprocess_u0X_file;0.005425950
650;12;u01;RH_process_u01_file_msg;0.022035741
496;12;u01;preprocess_u0X_file;0.006297232
2161;12;u01;process_u01_file_return;0.006597813
543;12;u01;process_u01_file;0.006644795
649;12;u01;postprocess_u0X_file;0.005732474
650;12;u01;RH_process_u01_file_msg;0.022549314
496;12;u01;preprocess_u0X_file;0.006357876
2161;12;u01;process_u01_file_return;0.007111475
543;12;u01;process_u01_file;0.007171094
649;12;u01;postprocess_u0X_file;0.005618173
650;12;u01;RH_process_u01_file_msg;0.022899245
496;12;u01;preprocess_u0X_file;0.005959606
2161;12;u01;process_u01_file_return;0.006967349
543;12;u01;process_u01_file;0.007013819
649;12;u01;postprocess_u0X_file;0.005305115
650;12;u01;RH_process_u01_file_msg;0.020627950
496;12;u01;preprocess_u0X_file;0.006196818
2161;12;u01;process_u01_file_return;0.008945387
543;12;u01;process_u01_file;0.008989016
649;12;u01;postprocess_u0X_file;0.005382630
650;12;u01;RH_process_u01_file_msg;0.022975896
496;12;u01;preprocess_u0X_file;0.006033505
2161;12;u01;process_u01_file_return;0.006685227
543;12;u01;process_u01_file;0.006728501
649;12;u01;postprocess_u0X_file;0.005458746
650;12;u01;RH_process_u01_file_msg;0.021930100
496;12;u01;preprocess_u0X_file;0.005983105
2161;12;u01;process_u01_file_return;0.006660332
543;12;u01;process_u01_file;0.006701314
649;12;u01;postprocess_u0X_file;0.005589277
650;12;u01;RH_process_u01_file_msg;0.022016638
496;12;u01;preprocess_u0X_file;0.006183695
2161;12;u01;process_u01_file_return;0.006593340
543;12;u01;process_u01_file;0.006647447
649;12;u01;postprocess_u0X_file;0.005391088
650;12;u01;RH_process_u01_file_msg;0.020612958
496;12;u01;preprocess_u0X_file;0.006143898
2161;12;u01;process_u01_file_return;0.009079324
543;12;u01;process_u01_file;0.009128701
649;12;u01;postprocess_u0X_file;0.005322496
650;12;u01;RH_process_u01_file_msg;0.022765787
496;12;u01;preprocess_u0X_file;0.006272442
2161;12;u01;process_u01_file_return;0.006983573
543;12;u01;process_u01_file;0.007042231
649;12;u01;postprocess_u0X_file;0.005211650
650;12;u01;RH_process_u01_file_msg;0.022279554
496;12;u01;preprocess_u0X_file;0.006065010
2161;12;u01;process_u01_file_return;0.015164535
543;12;u01;process_u01_file;0.015212077
649;12;u01;postprocess_u0X_file;0.005589708
650;12;u01;RH_process_u01_file_msg;0.029160178
496;12;u01;preprocess_u0X_file;0.006116253
2161;12;u01;process_u01_file_return;0.007019088
543;12;u01;process_u01_file;0.007069383
649;12;u01;postprocess_u0X_file;0.005991751
650;12;u01;RH_process_u01_file_msg;0.021557209
496;12;u01;preprocess_u0X_file;0.006689718
2161;12;u01;process_u01_file_return;0.007116517
543;12;u01;process_u01_file;0.007163176
649;12;u01;postprocess_u0X_file;0.005779289
650;12;u01;RH_process_u01_file_msg;0.022006553
496;12;u01;preprocess_u0X_file;0.006223955
2161;12;u01;process_u01_file_return;0.006939053
543;12;u01;process_u01_file;0.006982093
649;12;u01;postprocess_u0X_file;0.005635822
650;12;u01;RH_process_u01_file_msg;0.021664972
496;12;u01;preprocess_u0X_file;0.006292354
2161;12;u01;process_u01_file_return;0.006828667
543;12;u01;process_u01_file;0.006870013
649;12;u01;postprocess_u0X_file;0.005394805
650;12;u01;RH_process_u01_file_msg;0.021368659
496;12;u01;preprocess_u0X_file;0.006562300
2161;12;u01;process_u01_file_return;0.006696429
543;12;u01;process_u01_file;0.006752474
649;12;u01;postprocess_u0X_file;0.005810535
650;12;u01;RH_process_u01_file_msg;0.021943276
496;12;u01;preprocess_u0X_file;0.005982558
2161;12;u01;process_u01_file_return;0.006780525
543;12;u01;process_u01_file;0.006827421
649;12;u01;postprocess_u0X_file;0.005589041
650;12;u01;RH_process_u01_file_msg;0.022172702
496;12;u01;preprocess_u0X_file;0.006831995
2161;12;u01;process_u01_file_return;0.007512872
543;12;u01;process_u01_file;0.007583123
649;12;u01;postprocess_u0X_file;0.005351135
650;12;u01;RH_process_u01_file_msg;0.023632776
496;12;u01;preprocess_u0X_file;0.006406393
2161;12;u01;process_u01_file_return;0.006913871
543;12;u01;process_u01_file;0.006958573
649;12;u01;postprocess_u0X_file;0.005275447
650;12;u01;RH_process_u01_file_msg;0.022447892
496;12;u01;preprocess_u0X_file;0.006585778
2161;12;u01;process_u01_file_return;0.007025979
543;12;u01;process_u01_file;0.007073549
649;12;u01;postprocess_u0X_file;0.005460164
650;12;u01;RH_process_u01_file_msg;0.021777904
496;12;u01;preprocess_u0X_file;0.006106038
2161;12;u01;process_u01_file_return;0.006573702
543;12;u01;process_u01_file;0.006614204
649;12;u01;postprocess_u0X_file;0.005331528
650;12;u01;RH_process_u01_file_msg;0.020368771
496;12;u01;preprocess_u0X_file;0.006177409
2161;12;u01;process_u01_file_return;0.007899076
543;12;u01;process_u01_file;0.007939207
649;12;u01;postprocess_u0X_file;0.005530253
650;12;u01;RH_process_u01_file_msg;0.022083969
496;12;u01;preprocess_u0X_file;0.006358294
2161;12;u01;process_u01_file_return;0.007021476
543;12;u01;process_u01_file;0.007064713
649;12;u01;postprocess_u0X_file;0.006750394
650;12;u01;RH_process_u01_file_msg;0.022425710
496;12;u01;preprocess_u0X_file;0.006631419
2161;12;u01;process_u01_file_return;0.006859799
543;12;u01;process_u01_file;0.006904921
649;12;u01;postprocess_u0X_file;0.005859985
650;12;u01;RH_process_u01_file_msg;0.023109949
496;12;u01;preprocess_u0X_file;0.006606628
2161;12;u01;process_u01_file_return;0.006759568
543;12;u01;process_u01_file;0.006802451
649;12;u01;postprocess_u0X_file;0.005903939
650;12;u01;RH_process_u01_file_msg;0.023093746
496;12;u01;preprocess_u0X_file;0.006120503
2161;12;u01;process_u01_file_return;0.006678904
543;12;u01;process_u01_file;0.006722302
649;12;u01;postprocess_u0X_file;0.005584546
650;12;u01;RH_process_u01_file_msg;0.022398594
496;12;u01;preprocess_u0X_file;0.008517597
2161;12;u01;process_u01_file_return;0.007077274
543;12;u01;process_u01_file;0.007122210
649;12;u01;postprocess_u0X_file;0.005461256
650;12;u01;RH_process_u01_file_msg;0.023359770
496;12;u01;preprocess_u0X_file;0.006011889
2161;12;u01;process_u01_file_return;0.007234475
543;12;u01;process_u01_file;0.007278761
649;12;u01;postprocess_u0X_file;0.005424756
650;12;u01;RH_process_u01_file_msg;0.021517747
496;12;u01;preprocess_u0X_file;0.006086377
2161;12;u01;process_u01_file_return;0.006531335
543;12;u01;process_u01_file;0.006576192
649;12;u01;postprocess_u0X_file;0.005527163
650;12;u01;RH_process_u01_file_msg;0.021915059
496;12;u01;preprocess_u0X_file;0.006433638
2161;12;u01;process_u01_file_return;0.006662004
543;12;u01;process_u01_file;0.006704365
649;12;u01;postprocess_u0X_file;0.005325528
650;12;u01;RH_process_u01_file_msg;0.022314012
496;12;u01;preprocess_u0X_file;0.006311873
2161;12;u01;process_u01_file_return;0.006625395
543;12;u01;process_u01_file;0.006667243
649;12;u01;postprocess_u0X_file;0.005361997
650;12;u01;RH_process_u01_file_msg;0.022244036
496;12;u01;preprocess_u0X_file;0.005934723
2161;12;u01;process_u01_file_return;0.007704288
543;12;u01;process_u01_file;0.007748463
649;12;u01;postprocess_u0X_file;0.005286567
650;12;u01;RH_process_u01_file_msg;0.021233579
496;12;u01;preprocess_u0X_file;0.006307264
2161;12;u01;process_u01_file_return;0.006635427
543;12;u01;process_u01_file;0.006677164
649;12;u01;postprocess_u0X_file;0.005326160
650;12;u01;RH_process_u01_file_msg;0.020969211
496;12;u01;preprocess_u0X_file;0.006069909
2161;12;u01;process_u01_file_return;0.006503537
543;12;u01;process_u01_file;0.006543547
649;12;u01;postprocess_u0X_file;0.005456784
650;12;u01;RH_process_u01_file_msg;0.021886295
496;12;u01;preprocess_u0X_file;0.006161460
2161;12;u01;process_u01_file_return;0.007138581
543;12;u01;process_u01_file;0.007296954
649;12;u01;postprocess_u0X_file;0.005725259
650;12;u01;RH_process_u01_file_msg;0.023200945
496;12;u01;preprocess_u0X_file;0.006294600
2161;12;u01;process_u01_file_return;0.009587461
543;12;u01;process_u01_file;0.009655728
649;12;u01;postprocess_u0X_file;0.006064080
650;12;u01;RH_process_u01_file_msg;0.025799075
496;12;u01;preprocess_u0X_file;0.006381326
2161;12;u01;process_u01_file_return;0.009003851
543;12;u01;process_u01_file;0.009074252
649;12;u01;postprocess_u0X_file;0.005529739
650;12;u01;RH_process_u01_file_msg;0.024255719
496;12;u01;preprocess_u0X_file;0.006281264
2161;12;u01;process_u01_file_return;0.006948971
543;12;u01;process_u01_file;0.006995205
649;12;u01;postprocess_u0X_file;0.005758662
650;12;u01;RH_process_u01_file_msg;0.021357389
496;12;u01;preprocess_u0X_file;0.006078912
2161;12;u01;process_u01_file_return;0.006586597
543;12;u01;process_u01_file;0.006631644
649;12;u01;postprocess_u0X_file;0.005636947
650;12;u01;RH_process_u01_file_msg;0.022070281
496;12;u01;preprocess_u0X_file;0.006019923
2161;12;u01;process_u01_file_return;0.006902316
543;12;u01;process_u01_file;0.006954267
649;12;u01;postprocess_u0X_file;0.005604884
650;12;u01;RH_process_u01_file_msg;0.023188710
496;12;u01;preprocess_u0X_file;0.006219606
2161;12;u01;process_u01_file_return;0.006820621
543;12;u01;process_u01_file;0.006863446
649;12;u01;postprocess_u0X_file;0.005394096
650;12;u01;RH_process_u01_file_msg;0.020869792
496;12;u01;preprocess_u0X_file;0.007005449
2161;12;u01;process_u01_file_return;0.006802401
543;12;u01;process_u01_file;0.006856388
649;12;u01;postprocess_u0X_file;0.005776728
650;12;u01;RH_process_u01_file_msg;0.022007283
496;12;u01;preprocess_u0X_file;0.007360283
2161;12;u01;process_u01_file_return;0.006931553
543;12;u01;process_u01_file;0.006978443
649;12;u01;postprocess_u0X_file;0.005703351
650;12;u01;RH_process_u01_file_msg;0.024039471
496;12;u01;preprocess_u0X_file;0.006091197
2161;12;u01;process_u01_file_return;0.007762578
543;12;u01;process_u01_file;0.007809895
649;12;u01;postprocess_u0X_file;0.005586092
650;12;u01;RH_process_u01_file_msg;0.023217967
496;12;u01;preprocess_u0X_file;0.006026078
2161;12;u01;process_u01_file_return;0.008335982
543;12;u01;process_u01_file;0.008402702
649;12;u01;postprocess_u0X_file;0.005431714
650;12;u01;RH_process_u01_file_msg;0.022774658
496;12;u01;preprocess_u0X_file;0.006060719
2161;12;u01;process_u01_file_return;0.008487124
543;12;u01;process_u01_file;0.008553592
649;12;u01;postprocess_u0X_file;0.005640283
650;12;u01;RH_process_u01_file_msg;0.022613836
496;12;u01;preprocess_u0X_file;0.006284646
2161;12;u01;process_u01_file_return;0.006735808
543;12;u01;process_u01_file;0.006779490
649;12;u01;postprocess_u0X_file;0.005462135
650;12;u01;RH_process_u01_file_msg;0.020892190
496;12;u01;preprocess_u0X_file;0.006109706
2161;12;u01;process_u01_file_return;0.006643381
543;12;u01;process_u01_file;0.006683260
649;12;u01;postprocess_u0X_file;0.005582190
650;12;u01;RH_process_u01_file_msg;0.022209303
496;12;u01;preprocess_u0X_file;0.006175788
2161;12;u01;process_u01_file_return;0.012322743
543;12;u01;process_u01_file;0.012379429
649;12;u01;postprocess_u0X_file;0.007187399
650;12;u01;RH_process_u01_file_msg;0.028157191
496;12;u01;preprocess_u0X_file;0.006814476
2161;12;u01;process_u01_file_return;0.009898956
543;12;u01;process_u01_file;0.009978271
649;12;u01;postprocess_u0X_file;0.005498840
650;12;u01;RH_process_u01_file_msg;0.025127973
496;12;u01;preprocess_u0X_file;0.006843330
2161;12;u01;process_u01_file_return;0.008251934
543;12;u01;process_u01_file;0.008305690
649;12;u01;postprocess_u0X_file;0.005715952
650;12;u01;RH_process_u01_file_msg;0.024706596
496;12;u01;preprocess_u0X_file;0.007744174
2161;12;u01;process_u01_file_return;0.006886481
543;12;u01;process_u01_file;0.006936425
649;12;u01;postprocess_u0X_file;0.005282322
650;12;u01;RH_process_u01_file_msg;0.023692166
496;12;u01;preprocess_u0X_file;0.008033906
2161;12;u01;process_u01_file_return;0.007250856
543;12;u01;process_u01_file;0.007309432
649;12;u01;postprocess_u0X_file;0.005248552
650;12;u01;RH_process_u01_file_msg;0.023178333
496;12;u01;preprocess_u0X_file;0.006309204
2161;12;u01;process_u01_file_return;0.009169836
543;12;u01;process_u01_file;0.009253321
649;12;u01;postprocess_u0X_file;0.005304671
650;12;u01;RH_process_u01_file_msg;0.024682323
496;12;u01;preprocess_u0X_file;0.006917497
2161;12;u01;process_u01_file_return;0.009412517
543;12;u01;process_u01_file;0.009478889
649;12;u01;postprocess_u0X_file;0.005450589
650;12;u01;RH_process_u01_file_msg;0.024178535
496;12;u01;preprocess_u0X_file;0.007521352
2161;12;u01;process_u01_file_return;0.007569706
543;12;u01;process_u01_file;0.007617505
649;12;u01;postprocess_u0X_file;0.005352323
650;12;u01;RH_process_u01_file_msg;0.024316520
496;12;u01;preprocess_u0X_file;0.006903050
2161;12;u01;process_u01_file_return;0.006591922
543;12;u01;process_u01_file;0.006633873
649;12;u01;postprocess_u0X_file;0.005519932
650;12;u01;RH_process_u01_file_msg;0.021468766
496;12;u01;preprocess_u0X_file;0.006666543
2161;12;u01;process_u01_file_return;0.006627664
543;12;u01;process_u01_file;0.006667371
649;12;u01;postprocess_u0X_file;0.005357616
650;12;u01;RH_process_u01_file_msg;0.021392210
496;12;u01;preprocess_u0X_file;0.006589767
2161;12;u01;process_u01_file_return;0.006583344
543;12;u01;process_u01_file;0.006634159
649;12;u01;postprocess_u0X_file;0.005395598
650;12;u01;RH_process_u01_file_msg;0.022420068
496;12;u01;preprocess_u0X_file;0.007093604
2161;12;u01;process_u01_file_return;0.006778845
543;12;u01;process_u01_file;0.006820961
649;12;u01;postprocess_u0X_file;0.005421972
650;12;u01;RH_process_u01_file_msg;0.021643817
496;12;u01;preprocess_u0X_file;0.007844967
2161;12;u01;process_u01_file_return;0.006797133
543;12;u01;process_u01_file;0.006839996
649;12;u01;postprocess_u0X_file;0.005626762
650;12;u01;RH_process_u01_file_msg;0.024078505
496;12;u01;preprocess_u0X_file;0.006100063
2161;12;u01;process_u01_file_return;0.006742311
543;12;u01;process_u01_file;0.006798581
649;12;u01;postprocess_u0X_file;0.005529172
650;12;u01;RH_process_u01_file_msg;0.020751362
496;12;u01;preprocess_u0X_file;0.006985192
2161;12;u01;process_u01_file_return;0.007167822
543;12;u01;process_u01_file;0.007216320
649;12;u01;postprocess_u0X_file;0.005420052
650;12;u01;RH_process_u01_file_msg;0.022023826
496;12;u01;preprocess_u0X_file;0.006611197
2161;12;u01;process_u01_file_return;0.008386480
543;12;u01;process_u01_file;0.008439138
649;12;u01;postprocess_u0X_file;0.005358779
650;12;u01;RH_process_u01_file_msg;0.024227145
496;12;u01;preprocess_u0X_file;0.007831271
2161;12;u01;process_u01_file_return;0.006958539
543;12;u01;process_u01_file;0.007003982
649;12;u01;postprocess_u0X_file;0.005600292
650;12;u01;RH_process_u01_file_msg;0.024184669
496;12;u01;preprocess_u0X_file;0.007242929
2161;12;u01;process_u01_file_return;0.007029138
543;12;u01;process_u01_file;0.007074104
649;12;u01;postprocess_u0X_file;0.005684940
650;12;u01;RH_process_u01_file_msg;0.022484902
496;12;u01;preprocess_u0X_file;0.006988103
2161;12;u01;process_u01_file_return;0.006870867
543;12;u01;process_u01_file;0.006912175
649;12;u01;postprocess_u0X_file;0.006468676
650;12;u01;RH_process_u01_file_msg;0.024275554
496;12;u01;preprocess_u0X_file;0.006470244
2161;12;u01;process_u01_file_return;0.006676977
543;12;u01;process_u01_file;0.006727041
649;12;u01;postprocess_u0X_file;0.005801854
650;12;u01;RH_process_u01_file_msg;0.023061433
496;12;u01;preprocess_u0X_file;0.007863830
2161;12;u01;process_u01_file_return;0.007363285
543;12;u01;process_u01_file;0.007406959
649;12;u01;postprocess_u0X_file;0.005463076
650;12;u01;RH_process_u01_file_msg;0.023351236
496;12;u01;preprocess_u0X_file;0.006172405
2161;12;u01;process_u01_file_return;0.007839136
543;12;u01;process_u01_file;0.007887166
649;12;u01;postprocess_u0X_file;0.005634233
650;12;u01;RH_process_u01_file_msg;0.023535257
496;12;u01;preprocess_u0X_file;0.006165287
2161;12;u01;process_u01_file_return;0.006817253
543;12;u01;process_u01_file;0.006860240
649;12;u01;postprocess_u0X_file;0.005424384
650;12;u01;RH_process_u01_file_msg;0.022394339
496;12;u01;preprocess_u0X_file;0.008438900
2161;12;u01;process_u01_file_return;0.007681643
543;12;u01;process_u01_file;0.007730209
649;12;u01;postprocess_u0X_file;0.008196354
650;12;u01;RH_process_u01_file_msg;0.026965807
496;12;u01;preprocess_u0X_file;0.008287412
2161;12;u01;process_u01_file_return;0.006994779
543;12;u01;process_u01_file;0.007040255
649;12;u01;postprocess_u0X_file;0.007272977
650;12;u01;RH_process_u01_file_msg;0.025099434
496;12;u01;preprocess_u0X_file;0.008818304
2161;12;u01;process_u01_file_return;0.007474908
543;12;u01;process_u01_file;0.007521333
649;12;u01;postprocess_u0X_file;0.009368266
650;12;u01;RH_process_u01_file_msg;0.030457018
496;12;u01;preprocess_u0X_file;0.006981479
2161;12;u01;process_u01_file_return;0.007038417
543;12;u01;process_u01_file;0.007078979
649;12;u01;postprocess_u0X_file;0.010542448
650;12;u01;RH_process_u01_file_msg;0.028528920
496;12;u01;preprocess_u0X_file;0.009802686
2161;12;u01;process_u01_file_return;0.006584018
543;12;u01;process_u01_file;0.006628100
649;12;u01;postprocess_u0X_file;0.010553109
650;12;u01;RH_process_u01_file_msg;0.030028248
496;12;u01;preprocess_u0X_file;0.008083679
2161;12;u01;process_u01_file_return;0.007349614
543;12;u01;process_u01_file;0.007403046
649;12;u01;postprocess_u0X_file;0.007889665
650;12;u01;RH_process_u01_file_msg;0.026311963
496;12;u01;preprocess_u0X_file;0.008168808
2161;12;u01;process_u01_file_return;0.006654462
543;12;u01;process_u01_file;0.006695724
649;12;u01;postprocess_u0X_file;0.007997108
650;12;u01;RH_process_u01_file_msg;0.025787907
496;12;u01;preprocess_u0X_file;0.007663818
2161;12;u01;process_u01_file_return;0.007055429
543;12;u01;process_u01_file;0.007097348
649;12;u01;postprocess_u0X_file;0.008429374
650;12;u01;RH_process_u01_file_msg;0.026387284
496;12;u01;preprocess_u0X_file;0.011173195
2161;12;u01;process_u01_file_return;0.006740902
543;12;u01;process_u01_file;0.006788130
649;12;u01;postprocess_u0X_file;0.007482833
650;12;u01;RH_process_u01_file_msg;0.029337837
496;12;u01;preprocess_u0X_file;0.007965450
2161;12;u01;process_u01_file_return;0.006736569
543;12;u01;process_u01_file;0.006780589
649;12;u01;postprocess_u0X_file;0.007432876
650;12;u01;RH_process_u01_file_msg;0.025043467
496;12;u01;preprocess_u0X_file;0.009085633
2161;12;u01;process_u01_file_return;0.006571617
543;12;u01;process_u01_file;0.006611586
649;12;u01;postprocess_u0X_file;0.007592542
650;12;u01;RH_process_u01_file_msg;0.027107896
496;12;u01;preprocess_u0X_file;0.009088157
2161;12;u01;process_u01_file_return;0.006596155
543;12;u01;process_u01_file;0.006637841
649;12;u01;postprocess_u0X_file;0.008746367
650;12;u01;RH_process_u01_file_msg;0.028216281
496;12;u01;preprocess_u0X_file;0.008190277
2161;12;u01;process_u01_file_return;0.006722028
543;12;u01;process_u01_file;0.006764580
649;12;u01;postprocess_u0X_file;0.007193316
650;12;u01;RH_process_u01_file_msg;0.025981271
496;12;u01;preprocess_u0X_file;0.006868894
2161;12;u01;process_u01_file_return;0.006658740
543;12;u01;process_u01_file;0.006712542
649;12;u01;postprocess_u0X_file;0.006546227
650;12;u01;RH_process_u01_file_msg;0.023069706
496;12;u01;preprocess_u0X_file;0.006279808
2161;12;u01;process_u01_file_return;0.006604259
543;12;u01;process_u01_file;0.006644296
649;12;u01;postprocess_u0X_file;0.006737954
650;12;u01;RH_process_u01_file_msg;0.022268069
496;12;u01;preprocess_u0X_file;0.006216294
2161;12;u01;process_u01_file_return;0.006580366
543;12;u01;process_u01_file;0.006620257
649;12;u01;postprocess_u0X_file;0.005449927
650;12;u01;RH_process_u01_file_msg;0.021999064
496;12;u01;preprocess_u0X_file;0.006362705
2161;12;u01;process_u01_file_return;0.006654724
543;12;u01;process_u01_file;0.006700599
649;12;u01;postprocess_u0X_file;0.005579310
650;12;u01;RH_process_u01_file_msg;0.022362812
496;12;u01;preprocess_u0X_file;0.006282102
2161;12;u01;process_u01_file_return;0.009920981
543;12;u01;process_u01_file;0.009977678
649;12;u01;postprocess_u0X_file;0.005424602
650;12;u01;RH_process_u01_file_msg;0.025435168
496;12;u01;preprocess_u0X_file;0.006534836
2161;12;u01;process_u01_file_return;0.007328095
543;12;u01;process_u01_file;0.007377761
649;12;u01;postprocess_u0X_file;0.005726724
650;12;u01;RH_process_u01_file_msg;0.023455920
496;12;u01;preprocess_u0X_file;0.006416196
2161;12;u01;process_u01_file_return;0.009243687
543;12;u01;process_u01_file;0.009306697
649;12;u01;postprocess_u0X_file;0.005363773
650;12;u01;RH_process_u01_file_msg;0.024874443
496;12;u01;preprocess_u0X_file;0.006102778
2161;12;u01;process_u01_file_return;0.008089526
543;12;u01;process_u01_file;0.008142591
649;12;u01;postprocess_u0X_file;0.005403717
650;12;u01;RH_process_u01_file_msg;0.024409190
496;12;u01;preprocess_u0X_file;0.005989116
2161;12;u01;process_u01_file_return;0.008631502
543;12;u01;process_u01_file;0.008687751
649;12;u01;postprocess_u0X_file;0.005365898
650;12;u01;RH_process_u01_file_msg;0.022808800
496;12;u01;preprocess_u0X_file;0.006330071
2161;12;u01;process_u01_file_return;0.011037481
543;12;u01;process_u01_file;0.011092132
649;12;u01;postprocess_u0X_file;0.005876548
650;12;u01;RH_process_u01_file_msg;0.025550921
496;12;u01;preprocess_u0X_file;0.005779183
2161;12;u01;process_u01_file_return;0.012630819
543;12;u01;process_u01_file;0.012690661
649;12;u01;postprocess_u0X_file;0.005444651
650;12;u01;RH_process_u01_file_msg;0.026405274
496;12;u01;preprocess_u0X_file;0.006606170
2161;12;u01;process_u01_file_return;0.007116891
543;12;u01;process_u01_file;0.007164305
649;12;u01;postprocess_u0X_file;0.005390386
650;12;u01;RH_process_u01_file_msg;0.021612260
496;12;u01;preprocess_u0X_file;0.006092666
2161;12;u01;process_u01_file_return;0.007540652
543;12;u01;process_u01_file;0.007601280
649;12;u01;postprocess_u0X_file;0.005244413
650;12;u01;RH_process_u01_file_msg;0.021680691
496;12;u01;preprocess_u0X_file;0.005987547
2161;12;u01;process_u01_file_return;0.007153009
543;12;u01;process_u01_file;0.007199439
649;12;u01;postprocess_u0X_file;0.009798839
650;12;u01;RH_process_u01_file_msg;0.026826082
496;12;u01;preprocess_u0X_file;0.010023869
2161;12;u01;process_u01_file_return;0.008940004
543;12;u01;process_u01_file;0.009003648
649;12;u01;postprocess_u0X_file;0.013621508
650;12;u01;RH_process_u01_file_msg;0.035088764
496;12;u01;preprocess_u0X_file;0.006181414
2161;12;u01;process_u01_file_return;0.007045901
543;12;u01;process_u01_file;0.007090985
649;12;u01;postprocess_u0X_file;0.009995445
650;12;u01;RH_process_u01_file_msg;0.027077471
496;12;u01;preprocess_u0X_file;0.006105932
2161;12;u01;process_u01_file_return;0.010115018
543;12;u01;process_u01_file;0.010158479
649;12;u01;postprocess_u0X_file;0.008403587
650;12;u01;RH_process_u01_file_msg;0.027076758
496;12;u01;preprocess_u0X_file;0.006871060
2161;12;u01;process_u01_file_return;0.012200176
543;12;u01;process_u01_file;0.012272778
649;12;u01;postprocess_u0X_file;0.005472195
650;12;u01;RH_process_u01_file_msg;0.027319284
496;13;u01;preprocess_u0X_file;0.007722879
1834;13;u01;process_management_reset;0.006751309
543;13;u01;process_u01_file;0.006818399
649;13;u01;postprocess_u0X_file;0.005487636
650;13;u01;RH_process_u01_file_msg;0.023569158
496;12;u01;preprocess_u0X_file;0.006062642
2161;12;u01;process_u01_file_return;0.009744056
543;12;u01;process_u01_file;0.009788194
649;12;u01;postprocess_u0X_file;0.005444207
650;12;u01;RH_process_u01_file_msg;0.025120459
496;12;u01;preprocess_u0X_file;0.006690402
2161;12;u01;process_u01_file_return;0.006847164
543;12;u01;process_u01_file;0.006894956
649;12;u01;postprocess_u0X_file;0.005272142
650;12;u01;RH_process_u01_file_msg;0.022634779
496;12;u01;preprocess_u0X_file;0.008302876
2161;12;u01;process_u01_file_return;0.007936655
543;12;u01;process_u01_file;0.007985053
649;12;u01;postprocess_u0X_file;0.005103896
650;12;u01;RH_process_u01_file_msg;0.025175955
496;12;u01;preprocess_u0X_file;0.005909217
2161;12;u01;process_u01_file_return;0.008306099
543;12;u01;process_u01_file;0.008368173
649;12;u01;postprocess_u0X_file;0.005253727
650;12;u01;RH_process_u01_file_msg;0.023251770
496;12;u01;preprocess_u0X_file;0.006276458
2161;12;u01;process_u01_file_return;0.009543342
543;12;u01;process_u01_file;0.009608367
649;12;u01;postprocess_u0X_file;0.005371646
650;12;u01;RH_process_u01_file_msg;0.024924955
496;12;u01;preprocess_u0X_file;0.006120341
2161;12;u01;process_u01_file_return;0.007078392
543;12;u01;process_u01_file;0.007120912
649;12;u01;postprocess_u0X_file;0.005076411
650;12;u01;RH_process_u01_file_msg;0.022103602
496;12;u01;preprocess_u0X_file;0.006440204
2161;12;u01;process_u01_file_return;0.006502593
543;12;u01;process_u01_file;0.006553994
649;12;u01;postprocess_u0X_file;0.005283448
650;12;u01;RH_process_u01_file_msg;0.020676783
496;12;u01;preprocess_u0X_file;0.005798329
2161;12;u01;process_u01_file_return;0.009616288
543;12;u01;process_u01_file;0.009656745
649;12;u01;postprocess_u0X_file;0.005429240
650;12;u01;RH_process_u01_file_msg;0.023060332
496;12;u01;preprocess_u0X_file;0.006255034
2161;12;u01;process_u01_file_return;0.006521545
543;12;u01;process_u01_file;0.006565947
649;12;u01;postprocess_u0X_file;0.005187147
650;12;u01;RH_process_u01_file_msg;0.021824545
496;12;u01;preprocess_u0X_file;0.006190307
2161;12;u01;process_u01_file_return;0.006730994
543;12;u01;process_u01_file;0.006772146
649;12;u01;postprocess_u0X_file;0.007342573
650;12;u01;RH_process_u01_file_msg;0.024075811
496;12;u01;preprocess_u0X_file;0.006269254
2161;12;u01;process_u01_file_return;0.006734788
543;12;u01;process_u01_file;0.006782568
649;12;u01;postprocess_u0X_file;0.005224773
650;12;u01;RH_process_u01_file_msg;0.020753863
496;12;u01;preprocess_u0X_file;0.006213512
2161;12;u01;process_u01_file_return;0.011483233
543;12;u01;process_u01_file;0.011555713
649;12;u01;postprocess_u0X_file;0.005500181
650;12;u01;RH_process_u01_file_msg;0.025545941
496;12;u01;preprocess_u0X_file;0.006091914
2161;12;u01;process_u01_file_return;0.012080614
543;12;u01;process_u01_file;0.012150629
649;12;u01;postprocess_u0X_file;0.005055633
650;12;u01;RH_process_u01_file_msg;0.027272553
496;12;u01;preprocess_u0X_file;0.006034007
2161;12;u01;process_u01_file_return;0.009827725
543;12;u01;process_u01_file;0.009876957
649;12;u01;postprocess_u0X_file;0.005453596
650;12;u01;RH_process_u01_file_msg;0.023608072
496;12;u01;preprocess_u0X_file;0.005981663
2161;12;u01;process_u01_file_return;0.010903060
543;12;u01;process_u01_file;0.010950777
649;12;u01;postprocess_u0X_file;0.005811481
650;12;u01;RH_process_u01_file_msg;0.025429714
496;3;u01;preprocess_u0X_file;0.006139857
2161;3;u01;process_u01_file_return;0.028745349
543;3;u01;process_u01_file;0.028828144
649;3;u01;postprocess_u0X_file;0.005896072
650;3;u01;RH_process_u01_file_msg;0.046233465
496;12;u01;preprocess_u0X_file;0.005992965
2161;12;u01;process_u01_file_return;0.012474166
543;12;u01;process_u01_file;0.012545703
649;12;u01;postprocess_u0X_file;0.005302083
650;12;u01;RH_process_u01_file_msg;0.027599040
496;12;u01;preprocess_u0X_file;0.006350970
2161;12;u01;process_u01_file_return;0.011685113
543;12;u01;process_u01_file;0.011741847
649;12;u01;postprocess_u0X_file;0.005509189
650;12;u01;RH_process_u01_file_msg;0.027434253
496;12;u01;preprocess_u0X_file;0.006129804
2161;12;u01;process_u01_file_return;0.010129254
543;12;u01;process_u01_file;0.010181343
649;12;u01;postprocess_u0X_file;0.005504365
650;12;u01;RH_process_u01_file_msg;0.025456135
496;3;u01;preprocess_u0X_file;0.006572670
2161;3;u01;process_u01_file_return;0.024353473
543;3;u01;process_u01_file;0.024417437
649;3;u01;postprocess_u0X_file;0.005666103
650;3;u01;RH_process_u01_file_msg;0.040549197
496;3;u01;preprocess_u0X_file;0.006203957
2161;3;u01;process_u01_file_return;0.028701998
543;3;u01;process_u01_file;0.028769391
649;3;u01;postprocess_u0X_file;0.005563969
650;3;u01;RH_process_u01_file_msg;0.044488187
496;12;u01;preprocess_u0X_file;0.006116217
2161;12;u01;process_u01_file_return;0.011548145
543;12;u01;process_u01_file;0.011619820
649;12;u01;postprocess_u0X_file;0.005507211
650;12;u01;RH_process_u01_file_msg;0.027265495
496;3;u01;preprocess_u0X_file;0.006277634
2161;3;u01;process_u01_file_return;0.025066428
543;3;u01;process_u01_file;0.025111589
649;3;u01;postprocess_u0X_file;0.005359641
650;3;u01;RH_process_u01_file_msg;0.040510044
496;12;u01;preprocess_u0X_file;0.006236463
2161;12;u01;process_u01_file_return;0.010873412
543;12;u01;process_u01_file;0.010932204
649;12;u01;postprocess_u0X_file;0.005222589
650;12;u01;RH_process_u01_file_msg;0.026149871
496;12;u01;preprocess_u0X_file;0.006053648
2161;12;u01;process_u01_file_return;0.012691854
543;12;u01;process_u01_file;0.012748909
649;12;u01;postprocess_u0X_file;0.006192240
650;12;u01;RH_process_u01_file_msg;0.028784475
496;3;u01;preprocess_u0X_file;0.006110416
2161;3;u01;process_u01_file_return;0.021996720
543;3;u01;process_u01_file;0.022039543
649;3;u01;postprocess_u0X_file;0.005499358
650;3;u01;RH_process_u01_file_msg;0.037499785
496;12;u01;preprocess_u0X_file;0.006123636
2161;12;u01;process_u01_file_return;0.009659403
543;12;u01;process_u01_file;0.009720366
649;12;u01;postprocess_u0X_file;0.005391991
650;12;u01;RH_process_u01_file_msg;0.025054278
496;12;u01;preprocess_u0X_file;0.005889844
2161;12;u01;process_u01_file_return;0.007222444
543;12;u01;process_u01_file;0.007271834
649;12;u01;postprocess_u0X_file;0.005131644
650;12;u01;RH_process_u01_file_msg;0.020689496
496;12;u01;preprocess_u0X_file;0.007505102
2161;12;u01;process_u01_file_return;0.012155652
543;12;u01;process_u01_file;0.012222326
649;12;u01;postprocess_u0X_file;0.005584634
650;12;u01;RH_process_u01_file_msg;0.029379935
496;12;u01;preprocess_u0X_file;0.006547201
2161;12;u01;process_u01_file_return;0.007326829
543;12;u01;process_u01_file;0.007375272
649;12;u01;postprocess_u0X_file;0.005885674
650;12;u01;RH_process_u01_file_msg;0.022658776
496;12;u01;preprocess_u0X_file;0.006529970
2161;12;u01;process_u01_file_return;0.008016660
543;12;u01;process_u01_file;0.008070336
649;12;u01;postprocess_u0X_file;0.005381389
650;12;u01;RH_process_u01_file_msg;0.023822094
496;12;u01;preprocess_u0X_file;0.005852435
2161;12;u01;process_u01_file_return;0.007306865
543;12;u01;process_u01_file;0.007364295
649;12;u01;postprocess_u0X_file;0.005085026
650;12;u01;RH_process_u01_file_msg;0.022029746
496;12;u01;preprocess_u0X_file;0.005844336
2161;12;u01;process_u01_file_return;0.006464571
543;12;u01;process_u01_file;0.006522340
649;12;u01;postprocess_u0X_file;0.005612444
650;12;u01;RH_process_u01_file_msg;0.021781084
496;12;u01;preprocess_u0X_file;0.006030133
2161;12;u01;process_u01_file_return;0.007748001
543;12;u01;process_u01_file;0.007809383
649;12;u01;postprocess_u0X_file;0.005410403
650;12;u01;RH_process_u01_file_msg;0.023079118
496;12;u01;preprocess_u0X_file;0.005855408
2161;12;u01;process_u01_file_return;0.009272017
543;12;u01;process_u01_file;0.009337465
649;12;u01;postprocess_u0X_file;0.005512189
650;12;u01;RH_process_u01_file_msg;0.023026886
496;12;u01;preprocess_u0X_file;0.006113283
2161;12;u01;process_u01_file_return;0.006848382
543;12;u01;process_u01_file;0.006892668
649;12;u01;postprocess_u0X_file;0.005346262
650;12;u01;RH_process_u01_file_msg;0.022070241
496;12;u01;preprocess_u0X_file;0.006204799
2161;12;u01;process_u01_file_return;0.006960682
543;12;u01;process_u01_file;0.007003715
649;12;u01;postprocess_u0X_file;0.005503520
650;12;u01;RH_process_u01_file_msg;0.022412968
496;12;u01;preprocess_u0X_file;0.008499893
2161;12;u01;process_u01_file_return;0.007046811
543;12;u01;process_u01_file;0.007090861
649;12;u01;postprocess_u0X_file;0.005336183
650;12;u01;RH_process_u01_file_msg;0.023381044
496;12;u01;preprocess_u0X_file;0.006410618
2161;12;u01;process_u01_file_return;0.006622302
543;12;u01;process_u01_file;0.006670215
649;12;u01;postprocess_u0X_file;0.005751064
650;12;u01;RH_process_u01_file_msg;0.021564107
496;12;u01;preprocess_u0X_file;0.006312216
2161;12;u01;process_u01_file_return;0.007720280
543;12;u01;process_u01_file;0.007766000
649;12;u01;postprocess_u0X_file;0.005300130
650;12;u01;RH_process_u01_file_msg;0.022101881
718;3;u03;preprocess_u0X_file;0.007386582
2560;3;u03;process_u03_file_return;0.020473126
750;3;u03;process_u03_file;0.020555213
866;3;u03;postprocess_u0X_file;0.011206150
867;3;u03;RH_process_u03_file_msg;0.056458705
718;3;u03;preprocess_u0X_file;0.009406493
2560;3;u03;process_u03_file_return;0.019845360
750;3;u03;process_u03_file;0.019927402
866;3;u03;postprocess_u0X_file;0.006981797
867;3;u03;RH_process_u03_file_msg;0.052081925
718;4;u03;preprocess_u0X_file;0.007007299
2560;4;u03;process_u03_file_return;0.013863329
750;4;u03;process_u03_file;0.013943943
866;4;u03;postprocess_u0X_file;0.007439505
867;4;u03;RH_process_u03_file_msg;0.043102910
718;4;u03;preprocess_u0X_file;0.006152323
2560;4;u03;process_u03_file_return;0.013957662
750;4;u03;process_u03_file;0.014028977
866;4;u03;postprocess_u0X_file;0.006857375
867;4;u03;RH_process_u03_file_msg;0.041929441
718;4;u03;preprocess_u0X_file;0.006635951
2560;4;u03;process_u03_file_return;0.020420045
750;4;u03;process_u03_file;0.020493210
866;4;u03;postprocess_u0X_file;0.007178046
867;4;u03;RH_process_u03_file_msg;0.050775669
